{
  "control_dt_ms": 100.0,
  "window_periods": 40,
  "events_per_window": 200,
  "gap_threshold_db": 2.0,
  "with_prior_summary_mode": "per-tick median",
  "stationary_with_prior_nmse_db": null,
  "prior_calibration_windows": 20,
  "prior_online_gain": 0.1,
  "prior_coefficient_ema": 0.3,
  "first_close_ms": 700.0,
  "matched_ms": null,
  "success_ms": 300.0,
  "sustained_convergence_ms": 900.0,
  "time_ms": [
    100.0,
    200.0,
    300.0,
    400.0,
    500.0,
    600.0,
    700.0,
    800.0,
    900.0,
    1000.0,
    1100.0,
    1200.0,
    1300.0,
    1400.0,
    1500.0,
    1600.0,
    1700.0,
    1800.0,
    1900.0,
    2000.0
  ],
  "accumulated_points": [
    200,
    400,
    600,
    800,
    1000,
    1200,
    1400,
    1600,
    1800,
    2000,
    2200,
    2400,
    2600,
    2800,
    3000,
    3200,
    3400,
    3600,
    3800,
    4000
  ],
  "no_prior_nmse_med_db": [
    -5.173040308593304,
    -7.941646141948849,
    -10.57808566902373,
    -13.993227592248056,
    -16.027992098920635,
    -19.788709382990596,
    -21.79942313939837,
    -21.38849759413749,
    -21.865784998898814,
    -22.45605668235121,
    -23.330547406223214,
    -22.836838516345715,
    -24.368888365649255,
    -25.39006532985413,
    -26.024987621842925,
    -26.333355683147623,
    -26.01673353034315,
    -27.204709914894615,
    -25.492923726261246,
    -25.54412519824758
  ],
  "with_prior_nmse_med_db": [
    -24.773555611796287,
    -24.652336842961624,
    -22.50674838353322,
    -25.11233522329814,
    -24.150511223244933,
    -25.063300055481214,
    -23.24995177622462,
    -23.508759318072862,
    -23.776851984715556,
    -24.017661516084107,
    -24.081367495550275,
    -23.658851874291344,
    -23.045853246312035,
    -23.575517125733732,
    -22.56777043983946,
    -23.633402278965423,
    -22.82039833220275,
    -25.36343226674483,
    -22.772571306768313,
    -23.73391051393172
  ],
  "nmse_deficit_db": [
    19.600515303202982,
    16.710690701012776,
    11.92866271450949,
    11.119107631050083,
    8.122519124324299,
    5.274590672490618,
    1.4505286368262489,
    2.1202617239353714,
    1.911066985816742,
    1.561604833732897,
    0.7508200893270605,
    0.8220133579456288,
    -1.32303511933722,
    -1.814548204120399,
    -3.4572171820034647,
    -2.6999534041821995,
    -3.1963351981403996,
    -1.8412776481497843,
    -2.720352419492933,
    -1.8102146843158629
  ],
  "no_prior_f1_med": [
    0.49999999999924993,
    0.7499999999991249,
    0.9999999999989999,
    0.9999999999989999,
    0.9999999999989999,
    0.9999999999989999,
    0.9999999999989999,
    0.9999999999989999,
    0.9999999999989999,
    0.9999999999989999,
    0.9999999999989999,
    0.9999999999989999,
    0.9999999999989999,
    0.9999999999989999,
    0.9999999999989999,
    0.9999999999989999,
    0.9999999999989999,
    0.9999999999989999,
    0.9999999999989999,
    0.9999999999989999
  ]
}