{
  "config": {
    "T0_ps": 5000.0,
    "L": 5,
    "N0": 5000,
    "eta_ps": 1.0,
    "dmax_ps": 1000.0,
    "min_slot_gap": 1,
    "pd_bw_GHz": 1.0,
    "tha_bw_GHz": 1.0,
    "t_acq_ps": 50.0,
    "f_avg_GHz": 1.0,
    "enob": 8.0,
    "nbits": 10,
    "v_ramp_ps_per_s": 1000.0
  },
  "params": {
    "n0": 5000,
    "K": 2,
    "nC": 48,
    "n_f0": 24,
    "n_k": 8,
    "f_lo_ghz": 20.0,
    "f_hi_ghz": 120.0,
    "bw_lo_ghz": 10.0,
    "bw_hi_ghz": 30.0,
    "W": 32,
    "period": 32,
    "signal_pri_ticks": 20,
    "pulse_width_ns": 16.0,
    "sir": -40.0,
    "sir_lo": null,
    "train_fixed_eval": false,
    "jam_pos_weight": null,
    "eval_snr": -10.0,
    "snr_lo": -6.0,
    "snr_hi": 8.0,
    "burst_role": "none",
    "cap": "large",
    "iters": 0,
    "model_in": "outputs/streaming_wideband_nuaa_n5000_wb_tau16_wp40_withprior_sat.pt",
    "model_out": null,
    "batch": 24,
    "lr": 0.0015,
    "progress_every": 25,
    "train_steps_list": [
      4,
      8,
      12,
      16
    ],
    "window_periods": 40,
    "ticks": 20,
    "evo_hold_ticks": null,
    "hold_coeffs": true,
    "mt_mode": "static_hold",
    "no_scene_prior": false,
    "train_scene_prior": false,
    "prior_coef_ema": 0.3,
    "prior_calibration_windows": 20,
    "prior_online_gain": 0.1,
    "fixed_window_coefficients": true,
    "with_oracle_null": false,
    "methods": [
      "mt_bangbang"
    ],
    "control_dt_ms": 100.0,
    "trials": 8,
    "target_nmse_db": -10.0,
    "seed": 0,
    "tag": "n5000_wb_tau16_wp40_dt100_t20_withprior_cal20_gain0.1_ema0.3_fwcoef",
    "quick": false
  },
  "mt_n_params": 487953,
  "methods": {
    "mt_bangbang": {
      "final_f1_mean": 0.9999999999989999,
      "final_nmse_med_db": -23.73391051393172,
      "final_mf_med_db": 21.548077488397404,
      "hit_rate": 1.0,
      "median_time_to_target_s": 0.1,
      "tau_movement_ps_mean": 0.0,
      "strobe_feasible_rate_mean": 0.525,
      "tick_curve": {
        "f1_med": [
          0.9999999999989999,
          0.9999999999989999,
          0.9999999999989999,
          0.9999999999989999,
          0.9999999999989999,
          0.9999999999989999,
          0.9999999999989999,
          0.9999999999989999,
          0.9999999999989999,
          0.9999999999989999,
          0.9999999999989999,
          0.9999999999989999,
          0.9999999999989999,
          0.9999999999989999,
          0.9999999999989999,
          0.9999999999989999,
          0.9999999999989999,
          0.9999999999989999,
          0.9999999999989999,
          0.9999999999989999
        ],
        "f1_p25": [
          0.9999999999989999,
          0.9999999999989999,
          0.9999999999989999,
          0.9999999999989999,
          0.9999999999989999,
          0.9999999999989999,
          0.9999999999989999,
          0.9999999999989999,
          0.9999999999989999,
          0.9999999999989999,
          0.9999999999989999,
          0.9999999999989999,
          0.9999999999989999,
          0.9999999999989999,
          0.9999999999989999,
          0.9999999999989999,
          0.9999999999989999,
          0.9999999999989999,
          0.9999999999989999,
          0.9999999999989999
        ],
        "f1_p75": [
          0.9999999999989999,
          0.9999999999989999,
          0.9999999999989999,
          0.9999999999989999,
          0.9999999999989999,
          0.9999999999989999,
          0.9999999999989999,
          0.9999999999989999,
          0.9999999999989999,
          0.9999999999989999,
          0.9999999999989999,
          0.9999999999989999,
          0.9999999999989999,
          0.9999999999989999,
          0.9999999999989999,
          0.9999999999989999,
          0.9999999999989999,
          0.9999999999989999,
          0.9999999999989999,
          0.9999999999989999
        ],
        "nmse_med": [
          -24.773555611796287,
          -24.652336842961624,
          -22.50674838353322,
          -25.11233522329814,
          -24.150511223244933,
          -25.063300055481214,
          -23.24995177622462,
          -23.508759318072862,
          -23.776851984715556,
          -24.017661516084107,
          -24.081367495550275,
          -23.658851874291344,
          -23.045853246312035,
          -23.575517125733732,
          -22.56777043983946,
          -23.633402278965423,
          -22.82039833220275,
          -25.36343226674483,
          -22.772571306768313,
          -23.73391051393172
        ],
        "nmse_p25": [
          -26.328380363948785,
          -30.350745955581903,
          -24.140536422182553,
          -27.024735491625112,
          -26.920052839636913,
          -27.858035775651103,
          -27.118476262650436,
          -25.70633579442061,
          -25.76112392703702,
          -28.151593978688375,
          -26.322450305819068,
          -25.694917051509503,
          -26.397218642452124,
          -26.609244621821382,
          -26.77246066119574,
          -27.704143959216974,
          -27.70382704562545,
          -28.837511888513255,
          -25.292184718618113,
          -25.178111022927734
        ],
        "nmse_p75": [
          -21.76999136282805,
          -20.326656282158602,
          -21.200914332165755,
          -21.285757192445278,
          -21.896423490827686,
          -21.59254893570065,
          -20.12508103315668,
          -21.474892768706987,
          -21.331255575452513,
          -21.682736111516192,
          -22.806601590276532,
          -22.256920829665514,
          -21.96194716845974,
          -22.449703922494287,
          -20.447572858969274,
          -21.810549642437906,
          -20.586619946612355,
          -20.699364061292773,
          -21.1793700037652,
          -22.23761101278208
        ],
        "mf_med": [
          19.206839249669997,
          20.238564736858628,
          19.85916927004726,
          19.477409794309715,
          19.28379189605981,
          20.32062216258393,
          19.403383271447538,
          20.296453441233474,
          20.44107272166046,
          20.614187281940296,
          22.153620103413132,
          20.651649693286394,
          21.110032006817747,
          21.286143434192304,
          19.862731418619724,
          20.067358938502778,
          19.472645887872893,
          18.930442601404913,
          19.82442599128943,
          21.548077488397404
        ],
        "mf_p25": [
          18.225782215499727,
          18.08410155429632,
          18.658240652553083,
          17.39260730716942,
          18.09941759824046,
          19.504277927134638,
          18.14807341088143,
          18.189083340671345,
          17.34611649023946,
          16.92695147315901,
          19.648069070519618,
          18.384805459643943,
          18.328448971518142,
          19.38124489278076,
          17.938855062965512,
          18.651875261737175,
          17.992760845606494,
          18.176102296356955,
          18.2268923026684,
          19.26407722326992
        ],
        "mf_p75": [
          23.861508908352338,
          22.9060198511221,
          20.771585010832343,
          20.64246230403134,
          21.09163766895626,
          23.180532521977906,
          22.32895059287802,
          21.01815067994024,
          21.78614569582159,
          23.294138605195982,
          22.75645478968326,
          22.22492955719244,
          24.83218567659721,
          24.718197067879316,
          23.66645946608206,
          21.692403037227464,
          24.24082243659543,
          22.826556964549944,
          22.102282044971645,
          22.241147004949664
        ],