{
  "config": {
    "T0_ps": 5000.0,
    "L": 5,
    "N0": 5000,
    "eta_ps": 1.0,
    "dmax_ps": 1000.0,
    "min_slot_gap": 1,
    "pd_bw_GHz": 1.0,
    "tha_bw_GHz": 1.0,
    "t_acq_ps": 50.0,
    "f_avg_GHz": 1.0,
    "enob": 8.0,
    "nbits": 10,
    "v_ramp_ps_per_s": 1000.0
  },
  "params": {
    "n0": 5000,
    "K": 2,
    "nC": 48,
    "n_f0": 24,
    "n_k": 8,
    "f_lo_ghz": 20.0,
    "f_hi_ghz": 120.0,
    "bw_lo_ghz": 10.0,
    "bw_hi_ghz": 30.0,
    "W": 32,
    "period": 32,
    "signal_pri_ticks": 20,
    "pulse_width_ns": 16.0,
    "sir": -40.0,
    "sir_lo": null,
    "train_fixed_eval": false,
    "jam_pos_weight": null,
    "eval_snr": -10.0,
    "snr_lo": -6.0,
    "snr_hi": 8.0,
    "burst_role": "none",
    "cap": "large",
    "iters": 0,
    "model_in": "outputs/streaming_wideband_nuaa_n5000_wb_tau16_pri320_t20_b16_nosp_glrt.pt",
    "model_out": null,
    "batch": 24,
    "lr": 0.0015,
    "progress_every": 25,
    "train_steps_list": [
      4,
      8,
      12,
      16
    ],
    "window_periods": 40,
    "ticks": 20,
    "evo_hold_ticks": null,
    "hold_coeffs": true,
    "mt_mode": "belief_bangbang",
    "no_scene_prior": true,
    "train_scene_prior": false,
    "prior_coef_ema": 0.85,
    "with_oracle_null": false,
    "methods": [
      "mt_bangbang"
    ],
    "control_dt_ms": 100.0,
    "trials": 8,
    "target_nmse_db": -10.0,
    "seed": 0,
    "tag": "n5000_wb_tau16_wp40_dt100_t20_nosp_accum",
    "quick": false
  },
  "mt_n_params": 487857,
  "methods": {
    "mt_bangbang": {
      "final_f1_mean": 0.9374999999990312,
      "final_nmse_med_db": -25.54412519824758,
      "final_mf_med_db": 16.055427685752882,
      "hit_rate": 1.0,
      "median_time_to_target_s": 0.35,
      "tau_movement_ps_mean": 8552.0,
      "strobe_feasible_rate_mean": 0.4,
      "tick_curve": {
        "f1_med": [
          0.49999999999924993,
          0.7499999999991249,
          0.9999999999989999,
          0.9999999999989999,
          0.9999999999989999,
          0.9999999999989999,
          0.9999999999989999,
          0.9999999999989999,
          0.9999999999989999,
          0.9999999999989999,
          0.9999999999989999,
          0.9999999999989999,
          0.9999999999989999,
          0.9999999999989999,
          0.9999999999989999,
          0.9999999999989999,
          0.9999999999989999,
          0.9999999999989999,
          0.9999999999989999,
          0.9999999999989999
        ],
        "f1_p25": [
          0.49999999999924993,
          0.49999999999924993,
          0.49999999999924993,
          0.9999999999989999,
          0.9999999999989999,
          0.9999999999989999,
          0.9999999999989999,
          0.9999999999989999,
          0.9999999999989999,
          0.9999999999989999,
          0.9999999999989999,
          0.9999999999989999,
          0.9999999999989999,
          0.9999999999989999,
          0.9999999999989999,
          0.9999999999989999,
          0.9999999999989999,
          0.9999999999989999,
          0.9999999999989999,
          0.9999999999989999
        ],
        "f1_p75": [
          0.9999999999989999,
          0.9999999999989999,
          0.9999999999989999,
          0.9999999999989999,
          0.9999999999989999,
          0.9999999999989999,
          0.9999999999989999,
          0.9999999999989999,
          0.9999999999989999,
          0.9999999999989999,
          0.9999999999989999,
          0.9999999999989999,
          0.9999999999989999,
          0.9999999999989999,
          0.9999999999989999,
          0.9999999999989999,
          0.9999999999989999,
          0.9999999999989999,
          0.9999999999989999,
          0.9999999999989999
        ],
        "nmse_med": [
          -5.173040308593304,
          -7.941646141948849,
          -10.57808566902373,
          -13.993227592248056,
          -16.027992098920635,
          -19.788709382990596,
          -21.79942313939837,
          -21.38849759413749,
          -21.865784998898814,
          -22.45605668235121,
          -23.330547406223214,
          -22.836838516345715,
          -24.368888365649255,
          -25.39006532985413,
          -26.024987621842925,
          -26.333355683147623,
          -26.01673353034315,
          -27.204709914894615,
          -25.492923726261246,
          -25.54412519824758
        ],
        "nmse_p25": [
          -8.67091290641477,
          -11.815125028294865,
          -14.270859434617694,
          -15.795403895604341,
          -19.56237179798056,
          -21.16776650849716,
          -24.194297547241046,
          -23.183577217346404,
          -24.12027367215562,
          -24.73936238759582,
          -25.72420296509102,
          -26.010927634665105,
          -27.06465982409419,
          -27.081277862675293,
          -26.700227534490523,
          -26.63159877770784,
          -27.84085006645697,
          -27.866594697171575,
          -27.495821973296586,
          -27.90581173053916
        ],
        "nmse_p75": [
          -3.9856817487165577,
          -7.260720850980393,
          -7.636406011255144,
          -11.045746670166956,
          -14.992838199647395,
          -16.55546869545512,
          -17.764366461907553,
          -18.24036093445926,
          -19.20604459968623,
          -19.725477822403576,
          -20.534049806975656,
          -20.00911940754539,
          -20.47108992488185,
          -20.419282720779282,
          -20.807770877539152,
          -24.725857827811748,
          -21.88883844927267,
          -25.775465020560677,
          -22.054193929145672,
          -23.221477624593753
        ],
        "mf_med": [
          2.7726225901317765,
          5.205999697394642,
          8.166671393340877,
          9.662674948230162,
          11.917375965068965,
          13.063904662910264,
          13.218870022210462,
          14.777093720008434,
          14.550197654158998,
          14.966660053204887,
          14.531240342515423,
          14.518180330063029,
          14.984465407405043,
          15.392520637030326,
          14.991892898423966,
          17.30784001368225,
          15.59188180498706,
          17.334938080480505,
          16.02924582561472,
          16.055427685752882
        ],
        "mf_p25": [
          -0.29402105983886584,
          0.19211885068858275,
          4.7957458614783715,
          7.6677398348314,
          10.139163902078275,
          10.90443471195876,
          12.178557908510095,
          13.344776645650093,
          12.760513526249788,
          13.371942588362055,
          12.792039496810645,
          12.948857258703004,
          13.705025809022725,
          14.002440821916647,
          14.451554739377057,
          14.992869254436119,
          14.730258175260687,
          16.025405613471786,
          15.343363116168863,
          15.083956423743881
        ],
        "mf_p75": [
          4.268759044769389,
          5.6440612837025625,
          11.838714298800255,
          13.030206352304797,
          12.375564443928008,
          14.659462546677329,
          16.869355614702272,
          15.311922080403509,
          15.981466819917475,
          16.76123991479328,
          15.627256684358384,
          18.571831159118787,
          17.40727631063521,
          17.765769664178414,
          20.262655448770786,
          18.92036350995923,
          17.428332565414994,
          18.591650926801588,
          18.57297574958778,
          17.33942277220024
        ],